{"accuracy": [0.41874998807907104, 0.5240841507911682, 0.5821287035942078, 0.626943051815033, 0.6663861274719238, 0.7020792365074158, 0.7277103662490845, 0.7535024881362915, 0.77482670545578, 0.7978960275650024, 0.8165346384048462, 0.8338366150856018, 0.8476732969284058, 0.8593564629554749, 0.8683415651321411, 0.8805198073387146, 0.8885148763656616, 0.897846519947052, 0.9044802188873291, 0.9105940461158752, 0.9167574048042297, 0.9224504828453064, 0.9245668053627014, 0.9306188225746155, 0.9323267340660095, 0.9359406232833862, 0.9402104020118713, 0.9432920813560486, 0.946175754070282, 0.9461386203765869], "loss": [2.498730182647705, 1.9194254875183105, 1.6376500129699707, 1.4235869646072388, 1.242634892463684, 1.0961263179779053, 0.9785814881324768, 0.8673913478851318, 0.7792341709136963, 0.692241370677948, 0.6181040406227112, 0.5583953857421875, 0.5085837244987488, 0.4612390697002411, 0.42871803045272827, 0.38980409502983093, 0.36012357473373413, 0.3281969130039215, 0.3089003264904022, 0.2901179790496826, 0.26730066537857056, 0.25227078795433044, 0.23840123414993286, 0.2212008386850357, 0.21832244098186493, 0.20412476360797882, 0.19126273691654205, 0.18357443809509277, 0.17410454154014587, 0.1739662140607834], "val_accuracy": [0.4922277331352234, 0.5491583943367004, 0.5859900712966919, 0.6062871217727661, 0.590544581413269, 0.6315346360206604, 0.636237621307373, 0.658910870552063, 0.6392574310302734, 0.64910888671875, 0.6602970361709595, 0.6415346264839172, 0.634257435798645, 0.6607425808906555, 0.6485148668289185, 0.6451980471611023, 0.6605445742607117, 0.655940592288971, 0.6501485109329224, 0.6527722477912903, 0.6447029709815979, 0.6554950475692749, 0.6386138796806335, 0.6368811726570129, 0.6595049500465393, 0.6518316864967346, 0.6576237678527832, 0.6453960537910461, 0.6366831660270691, 0.6560891270637512], "val_loss": [2.3472647666931152, 1.962716817855835, 1.7609021663665771, 1.6289114952087402, 1.7570130825042725, 1.630478858947754, 1.6417168378829956, 1.5021839141845703, 1.6131179332733154, 1.681531310081482, 1.6995373964309692, 1.749576449394226, 1.9005146026611328, 1.6784908771514893, 1.7803980112075806, 2.0361430644989014, 1.9044668674468994, 2.1506993770599365, 1.950298547744751, 2.0695550441741943, 2.157815456390381, 2.2484781742095947, 2.463951587677002, 2.1531319618225098, 2.0804779529571533, 2.2966644763946533, 2.2085065841674805, 2.266662359237671, 2.4531261920928955, 2.1422510147094727]}