{"accuracy": [0.3438737690448761, 0.43368810415267944, 0.4564480185508728, 0.4733787178993225, 0.487945556640625, 0.49769800901412964, 0.5037004947662354, 0.5129579305648804, 0.5240346789360046, 0.528415858745575, 0.5334405899047852, 0.5366955399513245, 0.5451361536979675, 0.5490717887878418, 0.5526856184005737, 0.5579579472541809, 0.5633292198181152, 0.5693440437316895, 0.5698267221450806, 0.5729455351829529, 0.5797029733657837, 0.5815841555595398, 0.5843192934989929, 0.5853960514068604, 0.5905321836471558, 0.5939851403236389, 0.5942202806472778, 0.5963118672370911, 0.6032301783561707, 0.6041955351829529], "loss": [2.6929612159729004, 2.25014066696167, 2.1464314460754395, 2.0672223567962646, 2.0078375339508057, 1.9574756622314453, 1.9140021800994873, 1.8759746551513672, 1.831551432609558, 1.79910409450531, 1.7679330110549927, 1.7457438707351685, 1.7152279615402222, 1.6872721910476685, 1.6695523262023926, 1.6479383707046509, 1.6234471797943115, 1.6083685159683228, 1.5886508226394653, 1.568006992340088, 1.5517868995666504, 1.5302176475524902, 1.521953821182251, 1.5149835348129272, 1.4922575950622559, 1.4808651208877563, 1.4690736532211304, 1.4634093046188354, 1.4388381242752075, 1.4310697317123413], "val_accuracy": [0.49717822670936584, 0.5096039772033691, 0.5176732540130615, 0.5192574262619019, 0.5324257612228394, 0.5281187891960144, 0.5271286964416504, 0.5293564200401306, 0.5330693125724792, 0.5331683158874512, 0.5338118672370911, 0.5328713059425354, 0.5319802165031433, 0.5324752330780029, 0.5290098786354065, 0.5249009728431702, 0.5240098834037781, 0.5271782279014587, 0.5268316864967346, 0.5213861465454102, 0.5240594148635864, 0.5281187891960144, 0.5249505043029785, 0.5250990390777588, 0.521584153175354, 0.5218811631202698, 0.5232673287391663, 0.5203465223312378, 0.5214851498603821, 0.5199009776115417], "val_loss": [2.015313148498535, 1.9557371139526367, 1.9237971305847168, 1.9200390577316284, 1.8647305965423584, 1.8888822793960571, 1.9022650718688965, 1.903662919998169, 1.9191330671310425, 1.911421775817871, 1.9258779287338257, 1.9577045440673828, 1.9531339406967163, 1.9850069284439087, 2.018079996109009, 2.0324225425720215, 2.0389392375946045, 2.051358938217163, 2.0920867919921875, 2.1105635166168213, 2.1219213008880615, 2.1804046630859375, 2.177473783493042, 2.20242977142334, 2.2459523677825928, 2.2468814849853516, 2.297818183898926, 2.2759151458740234, 2.3792200088500977, 2.344238758087158]}